Date,20/05/2026,11/05/2026,01/05/2026,23/04/2026,16/04/2026,09/04/2026,31/03/2026,20/03/2026,13/03/2026,05/03/2026,25/02/2026,18/02/2026,09/02/2026,28/01/2026,12/01/2026,04/01/2026,27/12/2025,22/12/2025,17/12/2025,06/12/2025,29/11/2025,23/11/2025,16/11/2025,06/11/2025,01/11/2025,24/10/2025,15/10/2025,06/10/2025,30/09/2025,16/09/2025,06/09/2025,20/06/2025,18/05/2025,10/05/2025
W1,1580,2894,2670,2570,2334,2138,2908,2236,1568,2682,2276,1940,1500,1500,0,0,1500,2586,1550,2290,1740,2724,2370,1550,2642,2124,1550,3012,2810,2516,2404,2164,1900,1000
W2,1522,2656,2012,1730,3218,2824,2110,3130,2516,1618,2920,2290,1842,2390,2614,1956,2628,2166,2864,1842,2690,2206,1600,2230,2376,2890,1984,1630,1450,3200,3200,3490,1900,1000
W3,2208,1956,1732,2936,2658,2082,2880,2166,2950,2360,1646,2924,2304,2810,1900,2292,2096,1634,2584,1580,2386,1912,2852,2194,2960,2306,1536,2360,2070,2740,2504,2500,1900,1000
W4 ,2670,2502,2208,2026,3048,2838,2222,2782,2544,1982,2780,2346,1912,2490,2584,2170,2458,2140,2120,1600,0,0,0,3860,2230,2562,1788,2474,2278,1612,2714,2320,1900,1000
W5,1580,2488,2278,2236,2023,3006,2642,1580,2588,2038,3160,2430,1970,2516,2796,1956,2474,2012,2250,2584,1982,1680,2670,1676,2726,2236,1670,2520,2280,1670,1550,2642,1900,1000
W6,1704,1592,3034,2810,2640,2012,3004,2150,3136,2416,2150,1744,2514,1746,2152,1600,2250,2084,1814,2346,1860,3074,2404,1600,2432,1998,2790,2152,1858,2576,2342,2152,1900,1000
A9,0,2768,2362,1928,3034,2978,2264,3020,2586,2024,1730,2752,2134,2760,2580,1650,2210,1680,1550,1800,1800,1500,0,0,0,0,0,0,0,0,0,0,1900,1000
A8,2614,2376,1956,1690,3006,2530,1970,2810,2558,2022,1580,2458,1912,2420,2558,1648,2152,1560,2670,2794,2248,2934,2696,1550,2782,2320,2830,2104,1668,2628,2516,2348,1900,1000
A7,1998,1552,2717,2502,2502,1928,2852,2208,2922,2452,1828,2864,2340,2670,3010,2560,2124,2850,2500,2826,2528,2346,1500,0,4100,3208,2488,1970,2558,1928,1746,2610,1900,1000
A6,2096,1746,2754,2586,2376,1592,2754,2292,1886,2710,2078,2864,2374,1576,1580,2502,1660,2432,1660,1980,1500,1500,0,0,0,0,0,0,0,0,0,0,1900,1000
A5,1858,2796,2450,2236,1886,1576,2782,2194,1536,2640,2220,1560,2514,2138,1928,1578,2388,1886,2570,2838,2232,1780,3006,1858,1578,2754,1998,2740,2278,1564,2698,2040,1900,1000
A4,2504,1802,2922,2670,2530,1956,2978,2362,1544,2682,2328,1688,2486,2908,1860,2390,1984,2680,2206,2558,2136,1736,3018,1760,3014,2446,1984,2618,2208,1718,2840,2446,1900,1000
A3,1580,1538,2698,2586,2292,1652,2838,2180,1926,2772,2472,1842,2640,1914,2306,1662,2320,1928,1758,2192,1580,2598,2138,2980,2236,2096,2890,2166,1900,1780,1450,3502,1900,1000
A2,2014,1956,1522,2824,2548,2432,1942,2630,2374,1730,1550,2638,1980,2614,1920,2488,2012,2558,2262,2388,1730,1550,0,0,3246,2208,1580,2454,2292,1770,2940,2830,1900,1000
A1,0,0,0,0,0,0,0,0,0,0,0,0,0,0,0,0,0,0,0,0,0,0,0,0,0,0,0,0,0,0,0,2080,1900,1000
A1 dry,0,0,0,0,0,0,0,0,0,0,0,0,0,0,0,0,0,0,0,0,0,0,0,0,0,0,0,0,0,0,0,0,1900,1000
C1,0,0,0,0,0,0,0,0,0,0,0,0,0,0,0,0,0,0,0,0,0,0,0,0,0,0,0,0,0,0,0,0,1800,1000
HILL,2152,1918,2992,2838,2656,2194,1610,2556,2038,1610,2528,2290,2640,1720,2544,1960,2754,2306,2120,2528,1954,2682,2430,2646,2390,1580,2866,2152,1938,2428,2208,2180,1900,1000
T1,2250,2124,1940,1572,3104,2740,2320,2964,2262,2178,2850,2010,2990,2236,2648,2152,2850,2306,2080,2654,2094,1830,2830,2150,1560,2760,2230,1592,2418,1708,1678,2936,1900,1000
T2,1680,2908,2502,2110,3146,2824,2250,3104,2658,2192,2976,2584,1560,2586,2670,2236,1610,2460,2038,2530,1702,3080,2478,3020,2334,2264,2890,2124,2010,1550,2810,2796,1900,1000
T3,0,0,0,0,0,0,0,0,0,0,0,0,0,0,0,0,0,0,0,0,0,0,0,0,0,0,0,1670,2530,2208,2186,1912,1900,1000
T4,2684,2432,2166,1830,1550,2964,2586,1576,2720,2360,1548,2850,2192,2676,2810,2026,1788,2558,2024,1750,2164,1632,2828,2026,1550,2754,2100,2446,2012,1726,1550,2680,1900,1000
T5,1592,2880,2360,2248,1844,1550,2810,1886,1550,2850,2318,1580,2486,1580,1580,2544,2234,1886,1550,1926,2738,2262,1984,2950,2348,2054,2780,2026,1732,2376,2280,2054,1900,1000
T6,1984,1914,3146,2738,2474,2124,1580,2334,1744,2906,2374,1856,2710,1720,2292,2052,2614,2082,1730,2248,1550,2472,2040,2376,1592,2890,2208,1550,2306,2944,2844,2516,1900,1000
T7a,2334,2054,1690,3056,2712,2346,1670,2642,2262,1620,2808,2178,2874,2152,2780,2012,1886,2406,2346,2486,1758,2742,2124,2782,2418,1600,2530,2044,1650,2458,2290,2390,1900,1000
T7,2334,2054,1690,3056,2712,2346,1670,2642,2262,1620,2808,2178,2874,2152,2780,2012,1886,2406,2346,2486,1758,2742,2124,2782,2418,1600,2530,2044,1650,2458,2290,2080,1900,1000
T8a,2726,2556,2250,1976,1580,2990,2488,2894,2388,1580,3002,2460,2930,2348,2754,1970,2760,2276,2038,2360,1646,2640,2208,2768,2474,1550,2488,1998,2800,2374,2310,1886,1900,1000
T8,2726,2556,2250,1976,1580,2990,2488,2894,2388,1580,3002,2460,2930,2348,2754,1970,2760,2276,2038,2360,1646,2640,2208,2768,2474,1610,2488,1998,2800,2374,2310,2208,1900,1000
T9a,2380,2040,1774,3023,2684,2414,1610,2614,2162,3012,2430,2024,2750,2054,2278,1780,2446,1956,2738,2136,2710,2262,1640,2534,2236,2970,2054,2124,1982,2688,2180,2180,1900,1000
T9,2380,2040,1774,3023,2684,2414,1610,2614,2162,3012,2430,2024,2750,2054,2278,1780,2446,1956,2738,2136,2710,2262,1640,2534,2236,2970,2054,2124,1982,2688,2346,2278,1900,1000
T10,2152,2016,1676,1978,1506,2950,2782,2162,1530,2486,1982,2822,2416,2416,0,2610,2100,1630,1500,1800,0,0,2684,2152,2026,2848,2348,1894,2510,2086,2060,1788,1900,1000
T11,2530,2480,2110,1570,2834,2432,1858,2992,2226,3284,2514,2980,2318,2642,2642,2480,1580,2460,1580,2234,1630,2580,2024,1836,2482,2208,2670,1970,2768,1942,1810,2810,1900,1000
T12,2684,2568,2082,2040,1998,3118,2656,1984,2852,2094,1676,2878,2220,2658,1760,2138,1634,2730,2444,2752,1934,1730,2726,1786,2950,2348,1746,2278,1900,2786,2476,2194,1900,1000
T13,2096,1956,1480,2870,2810,2306,1550,2390,2250,1550,2808,2360,1650,2460,2684,2278,2838,2432,2262,1500,1500,1500,0,3350,1746,2390,1746,2376,1956,2922,2642,2334,1900,1000
T14,1676,1578,2950,2678,2376,1872,2980,2264,1668,2870,2318,1962,2948,1760,2362,1550,2480,2054,1898,2180,1646,3120,2376,1659,2728,2208,1580,2292,1970,2752,2516,2194,1900,1000
T15,2726,2672,2416,2208,2068,3020,2460,1760,3118,2402,1996,1842,2822,1610,2544,2236,2362,1926,1760,1760,0,0,0,3398,1670,3030,2124,1580,2362,1694,1580,3258,1900,1000
T16 SPRING,2894,2780,2502,2502,2392,3210,2976,2236,3020,2786,2262,1530,2438,2816,1690,2670,2260,2136,1780,1780,0,0,0,4140,2892,1970,2726,2166,1915,2830,2640,2180,1900,1000
T17a,1524,1532,2754,2656,2646,2432,1550,2586,1998,2808,2470,2262,1500,1500,0,0,1650,1550,2200,1814,1610,1550,2166,1998,2784,2348,1970,2754,2264,1610,1600,2474,1900,1000
T17b,2126,1570,1480,2936,2586,2446,1620,2810,2628,2052,1580,2654,1500,1500,0,0,1680,1500,1550,1610,2416,2108,1610,2156,2054,3000,2100,1620,2680,1728,1620,2796,1900,1000
T18,0,1550,0,0,0,0,0,0,0,0,0,0,0,0,0,0,0,0,0,0,0,0,0,0,0,0,0,1834,1500,2488,2322,1998,1900,1000
T19,2754,2580,2404,2152,1676,3006,2418,1710,2748,1720,1550,2860,2012,2650,2650,2200,1988,2668,2080,2200,1710,2780,2514,2012,2550,1630,2800,2100,1580,2850,2440,2050,1900,1000
E1,2796,2574,1988,1560,2950,2768,2110,2850,2485,2248,2640,2262,1670,2488,2320,1580,2250,1872,2626,1856,2598,2010,1500,4080,4018,2936,2040,1680,2404,1830,1500,3010,1900,1000
E2 ,2452,2350,1886,2890,2572,2194,3230,2586,2402,2136,2990,2458,1758,2670,2108,2558,2180,1926,2514,1830,2402,1982,0,4080,2950,1984,2686,2208,1830,1780,1550,2480,1900,1000
E3 ,2614,2334,2052,1564,3146,2978,2656,3060,2758,2010,2824,2486,1984,2470,2796,2306,2726,2360,2122,2584,2346,1780,0,3486,2194,2920,2292,1886,2474,1990,1648,3110,1900,1000
E4,1564,2810,2652,1942,2166,1676,2922,2614,1632,2474,2304,1898,2488,1914,2306,1830,2362,2080,1744,1912,2598,2290,3328,2250,2960,2406,1650,2474,2026,1550,1500,3530,1900,1000
F4,2278,2194,1872,3168,2850,2558,2320,3046,2654,2164,1580,2682,2110,2628,1640,2345,1858,1564,2472,1630,2318,2094,3104,2334,1580,2408,1956,2362,2156,1592,2554,1894,1900,1000
F5,2194,2040,2968,2698,2432,1942,2980,2110,1814,2990,2458,1870,2980,2012,2334,1746,1550,2236,1646,1500,1500,1500,0,0,0,0,0,0,0,0,0,0,1900,1000
F6,2582,2474,2248,2148,1830,3104,2656,1886,1570,2472,2178,1638,2558,2880,2880,2250,1928,2712,2346,2962,2472,2108,1680,2350,1620,2516,1676,2428,2108,1680,1580,2560,1900,1000
F7,2124,2082,3140,2824,2236,2026,3030,2320,1674,2528,2342,1772,2530,2950,1914,2628,2110,1816,2696,1716,2640,2130,1710,2302,1634,2502,1576,2712,2380,1536,2670,2430,1900,1000
F8,0,1500,0,0,0,0,0,0,0,0,0,0,0,0,0,0,0,0,0,0,0,0,0,0,0,0,0,1610,2474,1802,1630,1760,1900,1000
G1,2754,2642,2362,1732,1580,2922,2516,1816,2906,2402,1674,2906,2390,1610,2080,2810,2340,1630,2276,2052,2780,2276,1600,2866,2292,1680,2502,1816,1570,2376,2152,2012,1900,1000
G3,2768,2600,2306,1676,3160,2866,2418,1746,2794,2318,1618,2836,2306,1580,2040,2558,2082,2684,2154,2066,2808,2150,1680,2780,2306,1602,2530,1832,1580,2268,2138,1980,1900,1000
H1 dry,0,0,0,0,0,0,,0,,0,0,0,0,0,0,0,0,0,0,0,0,0,0,0,0,0,0,0,0,0,0,0,1900,1000
O1 dry,0,0,0,0,0,0,,0,,0,0,0,0,0,0,0,0,0,0,0,0,0,0,0,0,0,0,0,0,0,0,0,1900,1000
O2 dry,0,0,0,0,0,0,,0,,0,0,0,0,0,0,0,0,0,0,0,0,0,0,0,0,0,0,0,0,0,0,0,1900,1000
O3  dry,0,0,0,0,0,0,,0,,0,0,0,0,0,0,0,0,0,0,0,0,0,0,0,0,0,0,0,0,0,0,0,1900,1000
O4 dry,0,0,0,0,0,0,,0,,0,0,0,0,0,0,0,0,0,0,0,0,0,0,0,0,0,0,0,0,0,0,0,1900,1000
WOOLSHED dry,3048,2650,2306,1830,1550,0,,0,,0,0,0,0,0,0,0,0,0,0,0,0,0,0,0,0,0,0,0,0,0,0,0,1200,1000